About / Licence	À propos / Licence
Account	Compte
Account Class	Catégorie de compte
Account Name	Nom du compte
Account No	N° de compte
Account Number	Numéro de compte
Account Type	Type de compte
Accounts	Comptes
Activate	Activer
Actual	Réel
Add Next Tax Year	Ajouter l'année d'imposition
Address	Adresse
Adjust. and Assembly	Ajust. et assemblage
All Journal Entries	Toutes les écritures
Allocated	Réparti
Amount	Montant
Amount Paid	Montant payé
Amount paid	Montant payé
Area	Section
Asset Account	Compte d'actif
Back Up Database	Sauvegarder
Balance Owing	Solde dû
Balance Sheet	Bilan
Balances by GIFI Code	Soldes par code IGRF
Bank Account	Compte bancaire
Bank Reconciliation	Rapprochement bancaire
Base Price	Prix de base
Birth Date	Date de naissance
Budget (year)	Budget (année)
Budget and Actual	Budget et réel
Budgets	Budgets
Business Number	Numéro d'entreprise
Calculate Payroll	Calculer la paie
Cash Flow by Journal	Flux de trésorerie par journal
Chart of Accounts	Plan comptable
Check / Finish	Vérifier / Terminer
Check Entry	Vérifier l'écriture
Cheque	Chèque
Cheque Date	Date du chèque
Cheque No	N° de chèque
Cheque amount	Montant du chèque
Cheque date	Date du chèque
Cheque no.	N° de chèque
Choose Logo...	Choisir le logo...
City	Ville
Clear All Company Data	Effacer toutes les données
Clear Transactions	Effacer les transactions
Cleared	Compensé
Close	Fermer
Close Fiscal Year	Clôturer l'exercice
Code	Code
Comment	Commentaire
Company	Entreprise
Company Information	Renseignements sur l'entreprise
Company Name	Nom de l'entreprise
Company Setup	Configuration de l'entreprise
Company name	Nom de l'entreprise
Comparative Income	Résultats comparatifs
Comparative Income Statement	État des résultats comparatif
Contact	Personne-ressource
Contact Email	Courriel de la personne-ressource
Contact Name	Nom de la personne-ressource
Contact Phone	Téléphone de la personne-ressource
Convert to Invoice	Convertir en facture
Country	Pays
Create All Due	Créer tous les documents échus
Create Document Now	Créer le document
Credit	Crédit
Credit Cards	Cartes de crédit
Credit Limit	Limite de crédit
Credits	Crédits
Currencies	Devises
Currencies and Exchange Rates	Devises et taux de change
Currency	Devise
Customer	Client
Customer Aged Detail	Chronologique des clients
Customer Balances	Soldes des clients
Customer Name	Nom du client
Customers	Clients
Date	Date
Days	Jours
Debit	Débit
Debits	Débits
Department	Service
Departments	Services
Departments and budgets	Services et budgets
Deposit Date	Date du dépôt
Deposit Slips	Bordereaux de dépôt
Deposit lines	Lignes du dépôt
Description	Description
Difference	Écart
Difference (must be 0)	Écart (doit être 0)
Direct Deposit Bank File	Fichier bancaire de dépôt direct
Direct Deposit List	Liste des dépôts directs
Direct Deposit Settings	Paramètres de dépôt direct
Direct deposit accounts	Comptes de dépôt direct
Disc %	Esc. %
Discount	Escompte
Discount Days	Jours d'escompte
Discount Percent	Pourcentage d'escompte
Division	Division
Division Allocations	Répartitions par division
Division and Banking	Divisions et banque
Divisions	Divisions
Divisions (projects)	Divisions (projets)
E-mail Invoice	Envoyer la facture par courriel
Email	Courriel
Employee	Employé
Employee Name	Nom de l'employé
Employees	Employés
Employees && Payroll	Employés et paie
Employees and payroll	Employés et paie
End Date	Date de fin
Entitlement	Congé
Entitlements	Congés
Entry	Écriture
Entry Date	Date de l'écriture
Exchange Rate	Taux de change
Exchange rates	Taux de change
Expense Account	Compte de charges
Export ROE File	Exporter le fichier RE
Export T4 XML	Exporter T4 (XML)
Export T4A XML	Exporter T4A (XML)
Export T5018 XML	Exporter T5018 (XML)
Fax	Télécopieur
Find Entries	Rechercher des écritures
Find Entries (double-click a row to open its document)	Rechercher des écritures (double-cliquez sur une ligne pour ouvrir son document)
Finish Setup	Terminer la configuration
First day of the fiscal year	Premier jour de l'exercice
Fiscal End	Fin de l'exercice
Fiscal Start	Début de l'exercice
Freight	Transport
Frequency	Fréquence
From Account	Du compte
From Date	Du
GIFI Balances	Soldes IGRF
GIFI code	Code IGRF
Gender	Sexe
General	Général
General Journal	Journal général
General Ledger	Grand livre
Gross Pay	Paie brute
Gross pay	Paie brute
Gross payroll	Masse salariale brute
Hire Date	Date d'embauche
Home Currency	Devise de base
Hours / units	Heures / unités
I Accept	J'accepte
Import Bank File	Importer le relevé bancaire
Import Lists	Importer des listes
In words	En lettres
Income Statement	État des résultats
Income Tax Brackets	Tranches d'imposition
Income tax	Impôt sur le revenu
Incomes and deductions	Revenus et retenues
Insurable earnings	Rémunération assurable
Insurable hours	Heures assurables
Inventory & Services	Stocks et services
Inventory && Services	Stocks et services
Inventory Adjustments and Item Assembly	Ajustements de stock et assemblage
Inventory Locations	Emplacements de stock
Inventory On Hand	Stock en main
Inventory Opening Bal.	Soldes d'ouverture du stock
Inventory costing method	Méthode d'évaluation du stock
Inventory: stock, adjustments and assembly	Stocks : articles, ajustements et assemblage
Invoice	Facture
Invoice Date	Date de la facture
Invoice No	N° de facture
Invoice No.	N° de facture
Invoice Total (with tax)	Total de la facture (taxes incluses)
Invoice paid	Facture payée
Invoice total	Total de la facture
Invoiced	Facturé
Invoices received	Factures encaissées
Is Active	Actif
Is Inactive	Inactif
Item	Article
Item Number	Numéro d'article
Item Type	Type d'article
Items	Articles
Job Categories	Catégories d'emploi
Job Category	Catégorie d'emploi
Journal	Journal
Journal Type	Type de journal
Journal lines	Lignes de l'écriture
Kind	Genre
Language	Langue
Last day of the fiscal year	Dernier jour de l'exercice
Licence key	Clé de licence
Licensed to (customer name)	Licence accordée à (nom du client)
Linked Account	Compte associé
Linked Accounts	Comptes associés
Location	Emplacement
Logo	Logo
Minimum	Minimum
Money in	Entrées
Money out	Sorties
Month	Mois
Net Days	Net (jours)
Net Income	Bénéfice net
Net Pay	Paie nette
Net amount	Montant net
Net change	Variation nette
Net income, last year	Bénéfice net, année précédente
Net income, this period	Bénéfice net, période courante
Net pay	Paie nette
Next Date	Prochaine date
Number	Numéro
Occupation	Profession
On Hand	En main
Opening Balance	Solde d'ouverture
Opening Balances	Soldes d'ouverture
Order No	N° de commande
Order No.	N° de commande
Ordered	Commandé
Over 90	Plus de 90
Owing	Dû
Ownership	Forme juridique
Paid	Payé
Paid By	Mode de paiement
Parts of the program to use (the others are hidden from the menu)	Modules à utiliser (les autres sont masqués dans le menu)
Password	Mot de passe
Pay Stub	Talon de paie
Pay to	Payer à
Payables	Fournisseurs
Paycheque lines	Lignes du chèque de paie
Paycheques	Chèques de paie
Payment Date	Date du paiement
Payment Type	Type de paiement
Payments	Paiements
Payments Journal	Journal des paiements
Payments to Suppliers by Year	Paiements aux fournisseurs par année
Payroll Names	Noms de la paie
Payroll Run	Cycle de paie
Payroll Settings	Paramètres de la paie
Percent	Pourcentage
Percentage	Pourcentage
Period	Période
Period End	Fin de période
Period Start	Début de période
Period end	Fin de période
Phone	Téléphone
Post All Paycheques	Reporter tous les chèques de paie
Post to General Ledger	Reporter au grand livre
Postal Code	Code postal
Price	Prix
Price List	Liste de prix
Price Lists	Listes de prix
Prices	Prix
Print Cheque	Imprimer le chèque
Print Invoice	Imprimer la facture
Print Order	Imprimer la commande
Print Pay Stub	Imprimer le talon de paie
Print Statement	Imprimer le relevé
Printed invoices, cheques and pay stubs	Factures, chèques et talons de paie imprimés
Province	Province
Province or territory	Province ou territoire
Provincial Tax Settings	Paramètres d'impôt provincial
Purchase	Achat
Purchase Order	Bon de commande
Purchase lines	Lignes de l'achat
Purchases Journal	Journal des achats
Quantity	Quantité
Quebec Remittance	Versement au Québec
Quebec income tax	Impôt du Québec
RL-1 Information	Renseignements du relevé 1
ROE Worksheet	Feuille de travail du RE
Rate	Taux
Receipt Date	Date de l'encaissement
Receipt No	N° de reçu
Receipts Journal	Journal des encaissements
Receivables	Clients
Received	Encaissé
Recurring Documents	Documents périodiques
Remittance	Versement
Remittance to Revenu Quebec	Versement à Revenu Québec
Remittance to the Receiver General (PD7A)	Versement au receveur général (PD7A)
Reports	Rapports
Reports (set the dates, then choose a report; leave a date empty for no limit)	Rapports (indiquez les dates, puis choisissez un rapport; laissez une date vide pour aucune limite)
Reports and Tools	Rapports et outils
Revalue Foreign Bal.	Réévaluer les soldes en devises
Revenue Account	Compte de produits
Reverse Posting	Contrepasser
Rights	Droits
Sale	Vente
Sale lines	Lignes de la vente
Sales Journal	Journal des ventes
Sales Tax Report	Rapport de taxes de vente
Sales Tax Report (GST/HST, QST, PST)	Rapport de taxes de vente (TPS/TVH, TVQ, TVP)
Sales Taxes	Taxes de vente
Salesperson	Vendeur
Same period last year	Même période, année précédente
Save	Enregistrer
Save All Statements (PDF)	Enregistrer tous les relevés (PDF)
Save PDF	Enregistrer en PDF
Save Statement PDF	Enregistrer le relevé en PDF
Section	Section
Set Password	Définir le mot de passe
Set Up Your Company	Configuration
Ship Date	Date d'expédition
Shipper	Expéditeur
Shippers	Expéditeurs
Sign In	Ouvrir la session
Sign in	Ouverture de session
Source	Source
Start Date	Date de début
Statement of Account	Relevé de compte
Status	État
Store as Recurring	Mémoriser comme périodique
Street	Rue
Supplier	Fournisseur
Supplier Aged Detail	Chronologique des fournisseurs
Supplier Balances	Soldes des fournisseurs
Supplier Name	Nom du fournisseur
Supplier Payments (T4A)	Paiements aux fournisseurs (T4A)
Suppliers	Fournisseurs
Switch Company File	Changer de fichier d'entreprise
T4 Employee Copies	Copies T4 des employés
T4 Information	Renseignements T4
Tax	Taxe
Tax Code	Code de taxe
Tax Codes	Codes de taxe
Tax ID	N° d'identification fiscale
Tax Year	Année d'imposition
Terminate Date	Date de cessation
Text at the foot of invoices	Texte au bas des factures
This period	Période courante
Time Slips	Feuilles de temps
Time slips	Feuilles de temps
To Date	Au
Total	Total
Total (with tax)	Total (taxes incluses)
Total Assets	Total de l'actif
Total Expense	Total des charges
Total Liabilities and Equity	Total du passif et de l'avoir
Total Revenue	Total des produits
Trans Type	Type de transaction
Trial Balance	Balance de vérification
Type of business	Type d'entreprise
Unit	Unité
Unit Cost	Coût unitaire
Unit Price	Prix unitaire
Units	Unités
User	Utilisateur
User Name	Nom d'utilisateur
User Rights by Area	Droits des utilisateurs par section
Users	Utilisateurs
Website	Site Web
Withheld	Retenues
Year	Année
Data Explorer	Explorateur de données
Tax Year Update	Mise à jour de l'année d'imposition
Export Tax Year File	Exporter le fichier de l'année
Web address for tax year updates (optional)	Adresse Web des mises à jour (facultatif)
0-30 days	0-30 jours
14 Income	14 Revenus
16 CPP	16 RPC
16A CPP2	16A RPC2
17 QPP	17 RRQ
18 EI	18 AE
22 Tax	22 Impôt
24 EI earn.	24 Gains AE
26 Pens. earn.	26 Gains ouvrant droit à pension
31-60	31-60
55 QPIP	55 RPAP
61-90	61-90
A Income	A Revenus
About Kanzagh Accounting	À propos de Kanzagh Accounting
Access Level	Niveau d'accès
Activities	Activités
Actual Time	Temps réel
Additional Costs	Coûts supplémentaires
Additional Fed Tax	Impôt fédéral supplémentaire
Allow Division Alloc	Permettre la répartition par division
Amount Per Unit	Montant par unité
Assets + Expenses (debit side)	Actif + charges (côté débit)
B.A QPP	B.A RRQ
B.B QPP2	B.B RRQ2
B/O	En souffrance
Balance (debit +)	Solde (débit +)
Bank Account Type	Type de compte bancaire
Basic Amount	Montant personnel de base
Basic Amount Min	Montant de base minimal
Billable Amount	Montant facturable
Billable Status	État de facturation
Billable Time	Temps facturable
Bonus Tax	Impôt sur la prime
Books Closed Through	Livres clôturés jusqu'au
Box 14  Employment income	Case 14  Revenus d'emploi
Box 16  Employee CPP contributions	Case 16  Cotisations de l'employé au RPC
Box 16A Employee second CPP contributions	Case 16A Deuxièmes cotisations de l'employé au RPC
Box 17  Employee QPP contributions	Case 17  Cotisations de l'employé au RRQ
Box 17A Employee second QPP contributions	Case 17A Deuxièmes cotisations de l'employé au RRQ
Box 18  Employee EI premiums	Case 18  Cotisations de l'employé à l'AE
Box 22  Income tax deducted	Case 22  Impôt sur le revenu retenu
Box 24  EI insurable earnings	Case 24  Gains assurables d'AE
Box 26  CPP/QPP pensionable earnings	Case 26  Gains ouvrant droit à pension (RPC/RRQ)
Box 55  Employee PPIP premiums	Case 55  Cotisations de l'employé au RPAP
Box 56  PPIP insurable earnings	Case 56  Gains assurables du RPAP
Branch No	N° de succursale
Build Addl Costs	Coûts supplémentaires d'assemblage
Build Qty	Quantité assemblée
Build components	Composants d'assemblage
Buy Unit	Unité d'achat
Buy Unit Ratio	Rapport de l'unité d'achat
By Percent	En pourcentage
C EI	C AE
COGSAccount	Compte du coût des marchandises vendues
CPP employee	RPC employé
CPP employer	RPC employeur
CPP2 Max Pensionable	Maximum des gains RPC2
CPP2 Rate	Taux du RPC2
CPPBase Rate	Taux de base du RPC
CPPExemption	Exemption du RPC
CPPMax Pensionable	Maximum des gains ouvrant droit à pension
CPPRate	Taux du RPC
CRA Remittance (PD7A)	Versement à l'ARC (PD7A)
Calc CPP	Calculer le RPC
Calc EHT	Calculer l'ISE
Calc EI	Calculer l'AE
Calc Ins Hours	Calculer les heures assurables
Calc Tax	Calculer l'impôt
Calc Vacation	Calculer les vacances
Card Name	Nom de la carte
Card Use	Utilisation de la carte
Category Name	Nom de la catégorie
Charge Basis	Base de facturation
Charge Duty	Facturer les droits
Charged Account	Compte de taxe perçue
Clear At Year End	Remettre à zéro en fin d'année
Commission Annual Expenses	Dépenses annuelles de commission
Commission Annual Income	Revenus annuels de commission
Component Item	Article composant
Constant	Constante
Contact Number	Numéro de la personne-ressource
Credit Limit Foreign	Limite de crédit en devise
Credit Top Up Threshold	Seuil du crédit complémentaire
Cumulative Averaging	Calcul par moyenne cumulative
Currency Code	Code de devise
Currency Name	Nom de la devise
Current password (if any)	Mot de passe actuel (s'il y a lieu)
Days Earned	Jours acquis
Days Released	Jours utilisés
Debit - Credit (must be 0)	Débit - crédit (doit être 0)
Deduct After Tax	Retenir après impôt
Deduct CPP	Retenir le RPC
Deduct EI	Retenir l'AE
Deduct Tax	Retenir l'impôt
Default Pay Item	Élément de paie par défaut
Default WCBRate	Taux d'indemnisation par défaut
Dental Benefit Code	Code de prestations dentaires
Departments that use this account	Services qui utilisent ce compte
Deposit To Account	Déposer au compte
Direct Deposit Bank File Settings (CPA-005): the numbers come from your bank	Paramètres du fichier de dépôt direct (CPA-005) : les numéros sont fournis par votre banque
Discount Before Tax	Escompte avant taxes
Discount Fee Pct	Frais d'escompte (%)
Division Name	Nom de la division
Duty Amount	Montant des droits
Duty Rate	Taux des droits
E Quebec tax	E Impôt du Québec
EHTRate	Taux de l'ISE
EI employee	AE employé
EI employer	AE employeur
EIFactor	Facteur de l'AE
EIMax Insurable	Maximum assurable de l'AE
EIRate	Taux de l'AE
EIRate Quebec	Taux de l'AE au Québec
Earliest Trans Date	Première date de transaction
Eft Client Number	Numéro de client (dépôt direct)
Eft Long Name	Nom complet (dépôt direct)
Eft Processing Centre	Centre de traitement
Eft Routing Record	Enregistrement d'acheminement
Eft Short Name	Nom abrégé (dépôt direct)
Emergency Contact	Personne à joindre en cas d'urgence
Employer Health Tax Rate	Taux de l'impôt-santé des employeurs
Employment Amount	Montant canadien pour emploi
Employment Credit	Crédit pour emploi
Entitlement Name	Nom du congé
Entitlement days	Jours de congé
Expense Bal Fwd	Solde reporté des charges
Fed Non Indexed	Montant fédéral non indexé
Federal Abatement	Abattement fédéral
Federal Claim	Demande fédérale
First day	Premier jour
Fiscal Year	Exercice
Freight Tax Code	Code de taxe du transport
G Pens. salary	G Salaire admissible
GIFICode	Code IGRF
H QPIP	H RQAP
Health Premium	Contribution-santé
Health services fund	Fonds des services de santé
Hist EIIns Earnings	Gains assurables antérieurs (AE)
Hist Pay Periods	Périodes de paie antérieures
Hist Pension Earn	Gains ouvrant droit à pension antérieurs
Hist Vacation Owed	Vacances dues antérieures
Historical Amount	Montant antérieur
Historical Days	Jours antérieurs
Hours Per Period	Heures par période
Hours Per Unit	Heures par unité
I QPIP salary	I Salaire admissible au RQAP
Income Type	Type de revenu
Institution No	N° d'institution
Is Activity	Activité
Is Complete	Terminé
Is Exempt	Exonéré
Is Historical	Antérieur
Is Home	Devise de base
Is Included	Inclus
Is Refundable	Remboursable
Is Reversal	Contrepassation
Is Salesperson	Vendeur
Is Taxable	Taxable
Is Time Slip User	Utilisateur des feuilles de temps
Is Used	Utilisé
Item Kind	Genre d'élément
Item Name	Nom de l'élément
Items not yet reconciled: tick Cleared for the ones on the bank statement	Éléments non rapprochés : cochez Compensé pour ceux qui figurent sur le relevé bancaire
Job Status	Statut d'emploi
Journal (cash and bank accounts)	Journal (comptes de caisse et de banque)
Jurisdiction	Administration
LCPMax	Maximum du crédit de fonds de travailleurs
LCPRate	Taux du crédit de fonds de travailleurs
Labour Fund Per Period	Fonds de travailleurs par période
Labour Standards Rate	Taux des normes du travail
Labour standards	Normes du travail
Last Created	Dernière création
Last day	Dernier jour
Liabilities + Equity + Revenue (credit side)	Passif + avoir + produits (côté crédit)
Line Comment	Commentaire de la ligne
Line Role	Rôle de la ligne
Link Name	Nom du lien
Long Description	Description détaillée
Lower Limit	Limite inférieure
Max Days	Jours maximums
Min Level	Niveau minimal
Module	Module
New password (8 or more)	Nouveau mot de passe (8 caractères ou plus)
New password again	Nouveau mot de passe (confirmation)
Next Cheque No	Prochain n° de chèque
Next Deposit No	Prochain n° de dépôt
Next Remit Period End	Fin de la prochaine période de versement
Omit If Zero	Omettre si zéro
Opening Bal Foreign	Solde d'ouverture en devise
Opening Qty	Quantité d'ouverture
Opening Value	Valeur d'ouverture
Opening quantity by location	Quantité d'ouverture par emplacement
Other Payment / Remittance / Credit Card Bill: accounts paid	Autre paiement / versement / relevé de carte de crédit : comptes payés
Paid Account	Compte de taxe payée
Pay Invoices: invoices paid	Paiement de factures : factures payées
Pay Item	Élément de paie
Pay Periods Per Year	Périodes de paie par année
Payable Account	Compte à payer
Payment Adj Account	Compte d'ajustement des paiements
Payment Method	Mode de paiement
Payroll Settings (CPP, EI, QPP, QPIP rates)	Paramètres de la paie (taux du RPC, de l'AE, du RRQ et du RQAP)
Payroll Time	Temps de paie
Phase Out End	Fin de la réduction progressive
Phase Out Start	Début de la réduction progressive
Picture Path	Chemin de l'image
Pieces Per Period	Pièces par période
Posted On	Reporté le
Price List Name	Nom de la liste de prix
Pricing Method	Méthode de prix
Print Contact On Chq	Imprimer la personne-ressource sur le chèque
Print Statements	Imprimer les relevés
Province (10)	Province (10)
Province of employment (box 10)	Province d'emploi (case 10)
Provincial Claim	Demande provinciale
QPIP (both shares)	RQAP (les deux parts)
QPIPEmployer Rate	Taux du RQAP (employeur)
QPIPMax Insurable	Maximum assurable du RQAP
QPIPRate	Taux du RQAP
QPP (both shares)	RRQ (les deux parts)
QPPBase Rate	Taux de base du RRQ
QPPRate	Taux du RRQ
Qc Worker Max	Maximum de la déduction pour travailleur (Québec)
Qc Worker Rate	Taux de la déduction pour travailleur (Québec)
RL-1 Information (Quebec: amounts for each RL-1 slip box)	Renseignements du relevé 1 (Québec : montants de chaque case)
ROE Worksheet (insurable earnings and hours by pay period)	Feuille de travail du RE (rémunération et heures assurables par période de paie)
Rate Date	Date du taux
Receipt Type	Type d'encaissement
Recur Name	Nom du document périodique
Reduction Amount	Montant de la réduction
Reduction Rate	Taux de la réduction
Reduction Start	Début de la réduction
Remit Frequency	Fréquence des versements
Remit Supplier	Fournisseur des versements
Report On Taxes	Déclarer les taxes
Retain Vacation	Retenir la paie de vacances
Revenue Bal Fwd	Solde reporté des produits
Roe Reason Code	Code de raison du RE
SIN	NAS
SIN (12)	NAS (12)
Sell Unit	Unité de vente
Sell Unit Ratio	Rapport de l'unité de vente
Serial No	N° de série
Serial Note	Note de série
Serial numbers (with the purchase each came in on and the sale it left on)	Numéros de série (avec l'achat d'entrée et la vente de sortie de chacun)
Shipper Name	Nom de l'expéditeur
Slip Date	Date de la feuille
Slip No	N° de bordereau
Slip Type	Type de feuillet
Social insurance number (box 12)	Numéro d'assurance sociale (case 12)
Statement End	Fin du relevé
Statement End Balance	Solde de fin du relevé
Statement Start	Début du relevé
Stock Unit	Unité de stock
Submits Time Slips	Remet des feuilles de temps
Supplier (worksheet for T4A / T5018)	Fournisseur (feuille de travail T4A / T5018)
Surtax1	Surtaxe 1
Surtax2	Surtaxe 2
Symbol	Symbole
T4 Information (amounts for each T4 slip box)	Renseignements T4 (montants de chaque case)
T4 amounts - employee copy	Montants du T4 - copie de l'employé
Tax Name	Nom de la taxe
Tax Reg Number	N° d'inscription à la taxe
Tax Table	Table d'impôt
Tax code details	Détails du code de taxe
Tax exemptions	Exonérations de taxe
Terminate Reason	Raison de la cessation
To Location	Vers l'emplacement
Track Pct Hours	Pourcentage des heures suivies
Tracking Number	Numéro de suivi
Tracking Site	Site de suivi
Txn Date	Date de la transaction
Txn Type	Type de transaction
Unit Of Measure	Unité de mesure
Unit Related To Time	Unité liée au temps
Vacation Rate	Taux de vacances
Variance Account	Compte d'écart
WCBMax Assessable	Maximum cotisable (indemnisation)
WCBRate	Taux d'indemnisation des accidents du travail
Contract Account RZ	Compte RZ (paiements contractuels)
Posted as entry	Reporté à l'écriture
Document type	Type de document
Paid by	Mode de paiement
Invoice number	Numéro de facture
Order number	Numéro de commande
Cheque number	Numéro de chèque
Receipt number	Numéro de reçu
Before start date	Antérieur à la date de début
Inactive	Inactif
EI factor	Facteur de l'AE
WCB rate	Taux d'indemnisation
Paid from account	Payé du compte
Deposit to account	Déposer au compte
